{
  "version": "2020.1",
  "applications": [],
  "platforms": [
    {
      "name": "DAQtestBD_wrapper"
    }
  ],
  "systems": [
    {
      "name": "DAQtest_system",
      "platform": "/home/toni/workspace/SW/DAQtestBD_wrapper/export/DAQtestBD_wrapper/DAQtestBD_wrapper.xpfm",
      "sysConfig": "DAQtestBD_wrapper",
      "applications": [
        {
          "name": "DAQtest",
          "platform": "/home/toni/workspace/SW/DAQtestBD_wrapper/export/DAQtestBD_wrapper/DAQtestBD_wrapper.xpfm",
          "platformPath": "/home/toni/workspace/SW/DAQtestBD_wrapper/export/DAQtestBD_wrapper",
          "sysConfig": "DAQtestBD_wrapper",
          "domain": "domain_ps7_cortexa9_0",
          "system": "DAQtest_system"
        }
      ],
      "platformPath": "/home/toni/workspace/SW/DAQtestBD_wrapper/export/DAQtestBD_wrapper"
    }
  ],
  "others": []
}