{
  "version": "2020.1",
  "applications": [],
  "platforms": [
    {
      "name": "DAQtesBD_wrapper"
    }
  ],
  "systems": [
    {
      "name": "DAQtest_system",
      "platform": "/home/toni/workspace/SW/DAQtest/DAQtesBD_wrapper/export/DAQtesBD_wrapper/DAQtesBD_wrapper.xpfm",
      "sysConfig": "DAQtesBD_wrapper",
      "applications": [
        {
          "name": "DAQtest",
          "platform": "/home/toni/workspace/SW/DAQtest/DAQtesBD_wrapper/export/DAQtesBD_wrapper/DAQtesBD_wrapper.xpfm",
          "platformPath": "/home/toni/workspace/SW/DAQtest/DAQtesBD_wrapper/export/DAQtesBD_wrapper",
          "sysConfig": "DAQtesBD_wrapper",
          "domain": "domain_ps7_cortexa9_0",
          "system": "DAQtest_system"
        }
      ],
      "platformPath": "/home/toni/workspace/SW/DAQtest/DAQtesBD_wrapper/export/DAQtesBD_wrapper"
    },
    {
      "name": "SDcard_system",
      "platform": "/home/toni/workspace/SW/DAQtest/DAQtesBD_wrapper/export/DAQtesBD_wrapper/DAQtesBD_wrapper.xpfm",
      "sysConfig": "DAQtesBD_wrapper",
      "applications": [
        {
          "name": "SDcard",
          "platform": "/home/toni/workspace/SW/DAQtest/DAQtesBD_wrapper/export/DAQtesBD_wrapper/DAQtesBD_wrapper.xpfm",
          "platformPath": "/home/toni/workspace/SW/DAQtest/DAQtesBD_wrapper/export/DAQtesBD_wrapper",
          "sysConfig": "DAQtesBD_wrapper",
          "domain": "domain_ps7_cortexa9_0",
          "system": "SDcard_system"
        }
      ],
      "platformPath": "/home/toni/workspace/SW/DAQtest/DAQtesBD_wrapper/export/DAQtesBD_wrapper"
    }
  ],
  "others": []
}